1,Liam Smith,liamsmith@jason.edu,Biology
2,Noah Johnson,noahjohnson@jason.edu,Chemistry
3,William Williams,williamwilliams@jason.edu,Computer Science
4,James Brown,jamesbrown@jason.edu,DWA
5,Logan Jones,loganjones@jason.edu,Economics
6,Benjamin Garcia,benjamingarcia@jason.edu,Math
7,Mason Miller,masonmiller@jason.edu,Music
8,Elijah Davis,elijahdavis@jason.edu,Philosophy
9,Oliver Rodriguez,oliverrodriguez@jason.edu,Physics
10,Jacob Martinez,jacobmartinez@jason.edu,Politics
11,Lucas Hernandez,lucashernandez@jason.edu,Biology
12,Michael Lopez,michaellopez@jason.edu,Chemistry
13,Alexander Gonzalez,alexandergonzalez@jason.edu,Computer Science
14,Ethan Wilson,ethanwilson@jason.edu,DWA
15,Daniel Anderson,danielanderson@jason.edu,Economics
16,Matthew Thomas,matthewthomas@jason.edu,Math
17,Aiden Taylor,aidentaylor@jason.edu,Music
18,Henry Moore,henrymoore@jason.edu,Philosophy
19,Joseph Jackson,josephjackson@jason.edu,Physics
20,Jackson Martin,jacksonmartin@jason.edu,Politics
21,Samuel Lee,samuellee@jason.edu,Biology
22,Sebastian Perez,sebastianperez@jason.edu,Chemistry
23,David Thompson,davidthompson@jason.edu,Computer Science
24,Carter White,carterwhite@jason.edu,DWA
25,Wyatt Harris,wyattharris@jason.edu,Economics
26,Jayden Sanchez,jaydensanchez@jason.edu,Math
27,John Clark,johnclark@jason.edu,Music
28,Owen Ramirez,owenramirez@jason.edu,Philosophy
29,Dylan Lewis,dylanlewis@jason.edu,Physics
30,Luke Robinson,lukerobinson@jason.edu,Politics
31,Gabriel Walker,gabrielwalker@jason.edu,Biology
32,Anthony Young,anthonyyoung@jason.edu,Chemistry
33,Isaac Allen,isaacallen@jason.edu,Computer Science
34,Grayson King,graysonking@jason.edu,DWA
35,Jack Wright,jackwright@jason.edu,Economics
36,Julian Scott,julianscott@jason.edu,Math
37,Levi Torres,levitorres@jason.edu,Music
38,Christopher Nguyen,christophernguyen@jason.edu,Philosophy
39,Joshua Hill,joshuahill@jason.edu,Physics
40,Andrew Flores,andrewflores@jason.edu,Politics
41,Lincoln Green,lincolngreen@jason.edu,Biology
42,Mateo Adams,mateoadams@jason.edu,Chemistry
43,Ryan Nelson,ryannelson@jason.edu,Computer Science
44,Jaxon Baker,jaxonbaker@jason.edu,DWA
45,Nathan Hall,nathanhall@jason.edu,Economics
46,Aaron Rivera,aaronrivera@jason.edu,Math
47,Isaiah Campbell,isaiahcampbell@jason.edu,Music
48,Thomas Mitchell,thomasmitchell@jason.edu,Philosophy
49,Charles Carter,charlescarter@jason.edu,Physics
50,Caleb Roberts,calebroberts@jason.edu,Politics
51,Josiah Gomez,josiahgomez@jason.edu,Biology
52,Christian Phillips,christianphillips@jason.edu,Chemistry
53,Hunter Evans,hunterevans@jason.edu,Computer Science
54,Eli Turner,eliturner@jason.edu,DWA
55,Jonathan Diaz,jonathandiaz@jason.edu,Economics
56,Connor Parker,connorparker@jason.edu,Math
57,Landon Cruz,landoncruz@jason.edu,Music
58,Adrian Edwards,adrianedwards@jason.edu,Philosophy
59,Asher Collins,ashercollins@jason.edu,Physics
60,Cameron Reyes,cameronreyes@jason.edu,Politics
61,Leo Stewart,leostewart@jason.edu,Biology
62,Theodore Morris,theodoremorris@jason.edu,Chemistry
63,Jeremiah Morales,jeremiahmorales@jason.edu,Computer Science
64,Hudson Murphy,hudsonmurphy@jason.edu,DWA
65,Robert Cook,robertcook@jason.edu,Economics
66,Easton Rogers,eastonrogers@jason.edu,Math
67,Nolan Gutierrez,nolangutierrez@jason.edu,Music
68,Nicholas Ortiz,nicholasortiz@jason.edu,Philosophy
69,Ezra Morgan,ezramorgan@jason.edu,Physics
70,Colton Cooper,coltoncooper@jason.edu,Politics
71,Angel Peterson,angelpeterson@jason.edu,Biology
72,Brayden Bailey,braydenbailey@jason.edu,Chemistry
73,Jordan Reed,jordanreed@jason.edu,Computer Science
74,Dominic Kelly,dominickelly@jason.edu,DWA
75,Austin Howard,austinhoward@jason.edu,Economics
76,Ian Ramos,ianramos@jason.edu,Math
77,Adam Kim,adamkim@jason.edu,Music
78,Elias Cox,eliascox@jason.edu,Philosophy
79,Jaxson Ward,jaxsonward@jason.edu,Physics
80,Greyson Richardson,greysonrichardson@jason.edu,Politics
81,Jose Watson,josewatson@jason.edu,Biology
82,Ezekiel Brooks,ezekielbrooks@jason.edu,Chemistry
83,Carson Chavez,carsonchavez@jason.edu,Computer Science
84,Evan Wood,evanwood@jason.edu,DWA
85,Maverick James,maverickjames@jason.edu,Economics
86,Bryson Bennett,brysonbennett@jason.edu,Math
87,Jace Gray,jacegray@jason.edu,Music
88,Cooper Mendoza,coopermendoza@jason.edu,Philosophy
89,Xavier Ruiz,xavierruiz@jason.edu,Physics
90,Parker Hughes,parkerhughes@jason.edu,Politics
91,Roman Price,romanprice@jason.edu,Biology
92,Jason Alvarez,jasonalvarez@jason.edu,Chemistry
93,Santiago Castillo,santiagocastillo@jason.edu,Computer Science
94,Chase Sanders,chasesanders@jason.edu,DWA
95,Sawyer Patel,sawyerpatel@jason.edu,Economics
96,Gavin Myers,gavinmyers@jason.edu,Math
97,Leonardo Long,leonardolong@jason.edu,Music
98,Kayden Ross,kaydenross@jason.edu,Philosophy
99,Ayden Foster,aydenfoster@jason.edu,Physics
100,Jameson Jimenez,jamesonjimenez@jason.edu,Politics
101,Kevin Powell,kevinpowell@jason.edu,Biology
102,Bentley Jenkins,bentleyjenkins@jason.edu,Chemistry
103,Zachary Perry,zacharyperry@jason.edu,Computer Science
104,Everett Russell,everettrussell@jason.edu,DWA
105,Axel Sullivan,axelsullivan@jason.edu,Economics
106,Tyler Bell,tylerbell@jason.edu,Math
107,Micah Coleman,micahcoleman@jason.edu,Music
108,Vincent Butler,vincentbutler@jason.edu,Philosophy
109,Weston Henderson,westonhenderson@jason.edu,Physics
110,Miles Barnes,milesbarnes@jason.edu,Politics
111,Wesley Gonzales,wesleygonzales@jason.edu,Biology
112,Nathaniel Fisher,nathanielfisher@jason.edu,Chemistry
113,Harrison Vasquez,harrisonvasquez@jason.edu,Computer Science
114,Brandon Simmons,brandonsimmons@jason.edu,DWA
115,Cole Romero,coleromero@jason.edu,Economics
116,Declan Jordan,declanjordan@jason.edu,Math
117,Luis Patterson,luispatterson@jason.edu,Music
118,Braxton Alexander,braxtonalexander@jason.edu,Philosophy
119,Damian Hamilton,damianhamilton@jason.edu,Physics
120,Silas Graham,silasgraham@jason.edu,Politics
121,Tristan Reynolds,tristanreynolds@jason.edu,Biology
122,Ryder Griffin,rydergriffin@jason.edu,Chemistry
123,Bennett Wallace,bennettwallace@jason.edu,Computer Science
124,George Moreno,georgemoreno@jason.edu,DWA
125,Emmett West,emmettwest@jason.edu,Economics
126,Justin Cole,justincole@jason.edu,Math
127,Kai Hayes,kaihayes@jason.edu,Music
128,Max Bryant,maxbryant@jason.edu,Philosophy
129,Diego Herrera,diegoherrera@jason.edu,Physics
130,Luca Gibson,lucagibson@jason.edu,Politics
131,Ryker Ellis,rykerellis@jason.edu,Biology
132,Carlos Tran,carlostran@jason.edu,Chemistry
133,Maxwell Medina,maxwellmedina@jason.edu,Computer Science
134,Kingston Aguilar,kingstonaguilar@jason.edu,DWA
135,Ivan Stevens,ivanstevens@jason.edu,Economics
136,Maddox Murray,maddoxmurray@jason.edu,Math
137,Juan Ford,juanford@jason.edu,Music
138,Ashton Castro,ashtoncastro@jason.edu,Philosophy
139,Jayce Marshall,jaycemarshall@jason.edu,Physics
140,Rowan Owens,rowanowens@jason.edu,Politics
141,Kaiden Harrison,kaidenharrison@jason.edu,Biology
142,Giovanni Fernandez,giovannifernandez@jason.edu,Chemistry
143,Eric Mcdonald,ericmcdonald@jason.edu,Computer Science
144,Jesus Woods,jesuswoods@jason.edu,DWA
145,Calvin Washington,calvinwashington@jason.edu,Economics
146,Abel Kennedy,abelkennedy@jason.edu,Math
147,King Wells,kingwells@jason.edu,Music
148,Camden Vargas,camdenvargas@jason.edu,Philosophy
149,Amir Henry,amirhenry@jason.edu,Physics
150,Blake Chen,blakechen@jason.edu,Politics
151,Alex Freeman,alexfreeman@jason.edu,Biology
152,Brody Webb,brodywebb@jason.edu,Chemistry
153,Malachi Tucker,malachitucker@jason.edu,Computer Science
154,Emmanuel Guzman,emmanuelguzman@jason.edu,DWA
155,Jonah Burns,jonahburns@jason.edu,Economics
156,Beau Crawford,beaucrawford@jason.edu,Math
157,Jude Olson,judeolson@jason.edu,Music
158,Antonio Simpson,antoniosimpson@jason.edu,Philosophy
159,Alan Porter,alanporter@jason.edu,Physics
160,Elliott Hunter,elliotthunter@jason.edu,Politics
161,Elliot Gordon,elliotgordon@jason.edu,Biology
162,Waylon Mendez,waylonmendez@jason.edu,Chemistry
163,Xander Silva,xandersilva@jason.edu,Computer Science
164,Timothy Shaw,timothyshaw@jason.edu,DWA
165,Victor Snyder,victorsnyder@jason.edu,Economics
166,Bryce Mason,brycemason@jason.edu,Math
167,Finn Dixon,finndixon@jason.edu,Music
168,Brantley Munoz,brantleymunoz@jason.edu,Philosophy
169,Edward Hunt,edwardhunt@jason.edu,Physics
170,Abraham Hicks,abrahamhicks@jason.edu,Politics
171,Patrick Holmes,patrickholmes@jason.edu,Biology
172,Grant Palmer,grantpalmer@jason.edu,Chemistry
173,Karter Wagner,karterwagner@jason.edu,Computer Science
174,Hayden Black,haydenblack@jason.edu,DWA
175,Richard Robertson,richardrobertson@jason.edu,Economics
176,Miguel Boyd,miguelboyd@jason.edu,Math
177,Joel Rose,joelrose@jason.edu,Music
178,Gael Stone,gaelstone@jason.edu,Philosophy
179,Tucker Salazar,tuckersalazar@jason.edu,Physics
180,Rhett Fox,rhettfox@jason.edu,Politics
181,Avery Warren,averywarren@jason.edu,Biology
182,Steven Mills,stevenmills@jason.edu,Chemistry
183,Graham Meyer,grahammeyer@jason.edu,Computer Science
184,Kaleb Rice,kalebrice@jason.edu,DWA
185,Jasper Schmidt,jasperschmidt@jason.edu,Economics
186,Jesse Garza,jessegarza@jason.edu,Math
187,Matteo Daniels,matteodaniels@jason.edu,Music
188,Dean Ferguson,deanferguson@jason.edu,Philosophy
189,Zayden Nichols,zaydennichols@jason.edu,Physics
190,Preston Stephens,prestonstephens@jason.edu,Politics
191,August Soto,augustsoto@jason.edu,Biology
192,Oscar Weaver,oscarweaver@jason.edu,Chemistry
193,Jeremy Ryan,jeremyryan@jason.edu,Computer Science
194,Alejandro Gardner,alejandrogardner@jason.edu,DWA
195,Marcus Payne,marcuspayne@jason.edu,Economics
196,Dawson Grant,dawsongrant@jason.edu,Math
197,Lorenzo Dunn,lorenzodunn@jason.edu,Music
198,Messiah Kelley,messiahkelley@jason.edu,Philosophy
199,Zion Spencer,zionspencer@jason.edu,Physics
200,Maximus Hawkins,maximushawkins@jason.edu,Politics
201,River Arnold,riverarnold@jason.edu,Biology
202,Zane Pierce,zanepierce@jason.edu,Chemistry
203,Mark Vazquez,markvazquez@jason.edu,Computer Science
204,Brooks Hansen,brookshansen@jason.edu,DWA
205,Nicolas Peters,nicolaspeters@jason.edu,Economics
206,Paxton Santos,paxtonsantos@jason.edu,Math
207,Judah Hart,judahhart@jason.edu,Music
208,Emiliano Bradley,emilianobradley@jason.edu,Philosophy
209,Kaden Knight,kadenknight@jason.edu,Physics
210,Bryan Elliott,bryanelliott@jason.edu,Politics
211,Kyle Cunningham,kylecunningham@jason.edu,Biology
212,Myles Duncan,mylesduncan@jason.edu,Chemistry
213,Peter Armstrong,peterarmstrong@jason.edu,Computer Science
214,Charlie Hudson,charliehudson@jason.edu,DWA
215,Kyrie Carroll,kyriecarroll@jason.edu,Economics
216,Thiago Lane,thiagolane@jason.edu,Math
217,Brian Riley,brianriley@jason.edu,Music
218,Kenneth Andrews,kennethandrews@jason.edu,Philosophy
219,Andres Alvarado,andresalvarado@jason.edu,Physics
220,Lukas Ray,lukasray@jason.edu,Politics
221,Aidan Delgado,aidandelgado@jason.edu,Biology
222,Jax Berry,jaxberry@jason.edu,Chemistry
223,Caden Perkins,cadenperkins@jason.edu,Computer Science
224,Milo Hoffman,milohoffman@jason.edu,DWA
225,Paul Johnston,pauljohnston@jason.edu,Economics
226,Beckett Matthews,beckettmatthews@jason.edu,Math
227,Brady Pena,bradypena@jason.edu,Music
228,Colin Richards,colinrichards@jason.edu,Philosophy
229,Omar Contreras,omarcontreras@jason.edu,Physics
230,Bradley Willis,bradleywillis@jason.edu,Politics
231,Javier Carpenter,javiercarpenter@jason.edu,Biology
232,Knox Lawrence,knoxlawrence@jason.edu,Chemistry
233,Jaden Sandoval,jadensandoval@jason.edu,Computer Science
234,Barrett Guerrero,barrettguerrero@jason.edu,DWA
235,Israel George,israelgeorge@jason.edu,Economics
236,Matias Chapman,matiaschapman@jason.edu,Math
237,Jorge Rios,jorgerios@jason.edu,Music
238,Zander Estrada,zanderestrada@jason.edu,Philosophy
239,Derek Ortega,derekortega@jason.edu,Physics
240,Josue Watkins,josuewatkins@jason.edu,Politics
241,Cayden Greene,caydengreene@jason.edu,Biology
242,Holden Nunez,holdennunez@jason.edu,Chemistry
243,Griffin Wheeler,griffinwheeler@jason.edu,Computer Science
244,Arthur Valdez,arthurvaldez@jason.edu,DWA
245,Leon Harper,leonharper@jason.edu,Economics
246,Felix Burke,felixburke@jason.edu,Math
247,Remington Larson,remingtonlarson@jason.edu,Music
248,Jake Santiago,jakesantiago@jason.edu,Philosophy
249,Killian Maldonado,killianmaldonado@jason.edu,Physics
250,Clayton Morrison,claytonmorrison@jason.edu,Politics
251,Sean Franklin,seanfranklin@jason.edu,Biology
252,Adriel Carlson,adrielcarlson@jason.edu,Chemistry
253,Riley Austin,rileyaustin@jason.edu,Computer Science
254,Archer Dominguez,archerdominguez@jason.edu,DWA
255,Legend Carr,legendcarr@jason.edu,Economics
256,Erick Lawson,ericklawson@jason.edu,Math
257,Enzo Jacobs,enzojacobs@jason.edu,Music
258,Corbin Obrien,corbinobrien@jason.edu,Philosophy
259,Francisco Lynch,franciscolynch@jason.edu,Physics
260,Dallas Singh,dallassingh@jason.edu,Politics
261,Emilio Vega,emiliovega@jason.edu,Biology
262,Gunner Bishop,gunnerbishop@jason.edu,Chemistry
263,Simon Montgomery,simonmontgomery@jason.edu,Computer Science
264,Andre Oliver,andreoliver@jason.edu,DWA
265,Walter Jensen,walterjensen@jason.edu,Economics
266,Damien Harvey,damienharvey@jason.edu,Math
267,Chance Williamson,chancewilliamson@jason.edu,Music
268,Phoenix Gilbert,phoenixgilbert@jason.edu,Philosophy
269,Colt Dean,coltdean@jason.edu,Physics
270,Tanner Sims,tannersims@jason.edu,Politics
271,Stephen Espinoza,stephenespinoza@jason.edu,Biology
272,Kameron Howell,kameronhowell@jason.edu,Chemistry
273,Tobias Li,tobiasli@jason.edu,Computer Science
274,Manuel Wong,manuelwong@jason.edu,DWA
275,Amari Reid,amarireid@jason.edu,Economics
276,Emerson Hanson,emersonhanson@jason.edu,Math
277,Louis Le,louisle@jason.edu,Music
278,Cody Mccoy,codymccoy@jason.edu,Philosophy
279,Finley Garrett,finleygarrett@jason.edu,Physics
280,Iker Burton,ikerburton@jason.edu,Politics
281,Martin Fuller,martinfuller@jason.edu,Biology
282,Rafael Wang,rafaelwang@jason.edu,Chemistry
283,Nash Weber,nashweber@jason.edu,Computer Science
284,Beckham Welch,beckhamwelch@jason.edu,DWA
285,Cash Rojas,cashrojas@jason.edu,Economics
286,Karson Lucas,karsonlucas@jason.edu,Math
287,Rylan Marquez,rylanmarquez@jason.edu,Music
288,Reid Fields,reidfields@jason.edu,Philosophy
289,Theo Park,theopark@jason.edu,Physics
290,Ace Yang,aceyang@jason.edu,Politics
291,Eduardo Little,eduardolittle@jason.edu,Biology
292,Spencer Banks,spencerbanks@jason.edu,Chemistry
293,Raymond Padilla,raymondpadilla@jason.edu,Computer Science
294,Maximiliano Day,maximilianoday@jason.edu,DWA
295,Anderson Walsh,andersonwalsh@jason.edu,Economics
296,Ronan Bowman,ronanbowman@jason.edu,Math
297,Lane Schultz,laneschultz@jason.edu,Music
298,Cristian Luna,cristianluna@jason.edu,Philosophy
299,Titus Fowler,titusfowler@jason.edu,Physics
300,Travis Mejia,travismejia@jason.edu,Politics
301,Jett Davidson,jettdavidson@jason.edu,Biology
302,Ricardo Acosta,ricardoacosta@jason.edu,Chemistry
303,Bodhi Brewer,bodhibrewer@jason.edu,Computer Science
304,Gideon May,gideonmay@jason.edu,DWA
305,Jaiden Holland,jaidenholland@jason.edu,Economics
306,Fernando Juarez,fernandojuarez@jason.edu,Math
307,Mario Newman,marionewman@jason.edu,Music
308,Conor Pearson,conorpearson@jason.edu,Philosophy
309,Keegan Curtis,keegancurtis@jason.edu,Physics
310,Ali Cortez,alicortez@jason.edu,Politics
311,Cesar Douglas,cesardouglas@jason.edu,Biology
312,Ellis Schneider,ellisschneider@jason.edu,Chemistry
313,Jayceon Joseph,jayceonjoseph@jason.edu,Computer Science
314,Walker Barrett,walkerbarrett@jason.edu,DWA
315,Cohen Navarro,cohennavarro@jason.edu,Economics
316,Arlo Figueroa,arlofigueroa@jason.edu,Math
317,Hector Keller,hectorkeller@jason.edu,Music
318,Dante Avila,danteavila@jason.edu,Philosophy
319,Kyler Wade,kylerwade@jason.edu,Physics
320,Garrett Molina,garrettmolina@jason.edu,Politics
321,Donovan Stanley,donovanstanley@jason.edu,Biology
322,Seth Hopkins,sethhopkins@jason.edu,Chemistry
323,Jeffrey Campos,jeffreycampos@jason.edu,Computer Science
324,Tyson Barnett,tysonbarnett@jason.edu,DWA
325,Jase Bates,jasebates@jason.edu,Economics
326,Desmond Chambers,desmondchambers@jason.edu,Math
327,Caiden Caldwell,caidencaldwell@jason.edu,Music
328,Gage Beck,gagebeck@jason.edu,Philosophy
329,Atlas Lambert,atlaslambert@jason.edu,Physics
330,Major Miranda,majormiranda@jason.edu,Politics
331,Devin Byrd,devinbyrd@jason.edu,Biology
332,Edwin Craig,edwincraig@jason.edu,Chemistry
333,Angelo Ayala,angeloayala@jason.edu,Computer Science
334,Orion Lowe,orionlowe@jason.edu,DWA
335,Conner Frazier,connerfrazier@jason.edu,Economics
336,Julius Powers,juliuspowers@jason.edu,Math
337,Marco Neal,marconeal@jason.edu,Music
338,Jensen Leonard,jensenleonard@jason.edu,Philosophy
339,Daxton Gregory,daxtongregory@jason.edu,Physics
340,Peyton Carrillo,peytoncarrillo@jason.edu,Politics
341,Zayn Sutton,zaynsutton@jason.edu,Biology
342,Collin Fleming,collinfleming@jason.edu,Chemistry
343,Jaylen Rhodes,jaylenrhodes@jason.edu,Computer Science
344,Dakota Shelton,dakotashelton@jason.edu,DWA
345,Prince Schwartz,princeschwartz@jason.edu,Economics
346,Johnny Norris,johnnynorris@jason.edu,Math
347,Kayson Jennings,kaysonjennings@jason.edu,Music
348,Cruz Watts,cruzwatts@jason.edu,Philosophy
349,Hendrix Duran,hendrixduran@jason.edu,Physics
350,Atticus Walters,atticuswalters@jason.edu,Politics
351,Troy Cohen,troycohen@jason.edu,Biology
352,Kane Mcdaniel,kanemcdaniel@jason.edu,Chemistry
353,Edgar Moran,edgarmoran@jason.edu,Computer Science
354,Sergio Parks,sergioparks@jason.edu,DWA
355,Kash Steele,kashsteele@jason.edu,Economics
356,Marshall Vaughn,marshallvaughn@jason.edu,Math
357,Johnathan Becker,johnathanbecker@jason.edu,Music
358,Romeo Holt,romeoholt@jason.edu,Philosophy
359,Shane Deleon,shanedeleon@jason.edu,Physics
360,Warren Barker,warrenbarker@jason.edu,Politics
361,Joaquin Terry,joaquinterry@jason.edu,Biology
362,Wade Hale,wadehale@jason.edu,Chemistry
363,Leonel Leon,leonelleon@jason.edu,Computer Science
364,Trevor Hail,trevorhail@jason.edu,DWA
365,Dominick Benson,dominickbenson@jason.edu,Economics
366,Muhammad Haynes,muhammadhaynes@jason.edu,Math
367,Erik Horton,erikhorton@jason.edu,Music
368,Odin Miles,odinmiles@jason.edu,Philosophy
369,Quinn Lyons,quinnlyons@jason.edu,Physics
370,Jaxton Pham,jaxtonpham@jason.edu,Politics
371,Dalton Graves,daltongraves@jason.edu,Biology
372,Nehemiah Bush,nehemiahbush@jason.edu,Chemistry
373,Frank Thornton,frankthornton@jason.edu,Computer Science
374,Grady Wolfe,gradywolfe@jason.edu,DWA
375,Gregory Warner,gregorywarner@jason.edu,Economics
376,Andy Cabrera,andycabrera@jason.edu,Math
377,Solomon Mckinney,solomonmckinney@jason.edu,Music
378,Malik Mann,malikmann@jason.edu,Philosophy
379,Rory Zimmerman,roryzimmerman@jason.edu,Physics
380,Clark Dawson,clarkdawson@jason.edu,Politics
381,Reed Lara,reedlara@jason.edu,Biology
382,Harvey Fletcher,harveyfletcher@jason.edu,Chemistry
383,Zayne Page,zaynepage@jason.edu,Computer Science
384,Jay Mccarthy,jaymccarthy@jason.edu,DWA
385,Jared Love,jaredlove@jason.edu,Economics
386,Noel Robles,noelrobles@jason.edu,Math
387,Shawn Cervantes,shawncervantes@jason.edu,Music
388,Fabian Solis,fabiansolis@jason.edu,Philosophy
389,Ibrahim Erickson,ibrahimerickson@jason.edu,Physics
390,Adonis Reeves,adonisreeves@jason.edu,Politics
391,Ismael Chang,ismaelchang@jason.edu,Biology
392,Pedro Klein,pedroklein@jason.edu,Chemistry
393,Leland Salinas,lelandsalinas@jason.edu,Computer Science
394,Malakai Fuentes,malakaifuentes@jason.edu,DWA
395,Malcolm Baldwin,malcolmbaldwin@jason.edu,Economics
396,Alexis Daniel,alexisdaniel@jason.edu,Math
397,Kason Simon,kasonsimon@jason.edu,Music
398,Porter Velasquez,portervelasquez@jason.edu,Philosophy
399,Sullivan Hardy,sullivanhardy@jason.edu,Physics
400,Raiden Higgins,raidenhiggins@jason.edu,Politics
401,Allen Aguirre,allenaguirre@jason.edu,Biology
402,Ari Lin,arilin@jason.edu,Chemistry
403,Russell Cummings,russellcummings@jason.edu,Computer Science
404,Princeton Chandler,princetonchandler@jason.edu,DWA
405,Winston Sharp,winstonsharp@jason.edu,Economics
406,Kendrick Barber,kendrickbarber@jason.edu,Math
407,Roberto Bowen,robertobowen@jason.edu,Music
408,Lennox Ochoa,lennoxochoa@jason.edu,Philosophy
409,Hayes Dennis,hayesdennis@jason.edu,Physics
410,Finnegan Robbins,finneganrobbins@jason.edu,Politics
411,Nasir Liu,nasirliu@jason.edu,Biology
412,Kade Ramsey,kaderamsey@jason.edu,Chemistry
413,Nico Francis,nicofrancis@jason.edu,Computer Science
414,Emanuel Griffith,emanuelgriffith@jason.edu,DWA
415,Landen Paul,landenpaul@jason.edu,Economics
416,Moises Blair,moisesblair@jason.edu,Math
417,Ruben Oconnor,rubenoconnor@jason.edu,Music
418,Hugo Cardenas,hugocardenas@jason.edu,Philosophy
419,Abram Pacheco,abrampacheco@jason.edu,Physics
420,Adan Cross,adancross@jason.edu,Politics
421,Khalil Calderon,khalilcalderon@jason.edu,Biology
422,Zaiden Quinn,zaidenquinn@jason.edu,Chemistry
423,Augustus Moss,augustusmoss@jason.edu,Computer Science
424,Marcos Swanson,marcosswanson@jason.edu,DWA
425,Philip Chan,philipchan@jason.edu,Economics
426,Phillip Rivas,philliprivas@jason.edu,Math
427,Cyrus Khan,cyruskhan@jason.edu,Music
428,Esteban Rodgers,estebanrodgers@jason.edu,Philosophy
429,Braylen Serrano,braylenserrano@jason.edu,Physics
430,Albert Fitzgerald,albertfitzgerald@jason.edu,Politics
431,Bruce Rosales,brucerosales@jason.edu,Biology
432,Kamden Stevenson,kamdenstevenson@jason.edu,Chemistry
433,Lawson Christensen,lawsonchristensen@jason.edu,Computer Science
434,Jamison Manning,jamisonmanning@jason.edu,DWA
435,Sterling Gill,sterlinggill@jason.edu,Economics
436,Damon Curry,damoncurry@jason.edu,Math
437,Gunnar Mclaughlin,gunnarmclaughlin@jason.edu,Music
438,Kyson Harmon,kysonharmon@jason.edu,Philosophy
439,Luka Mcgee,lukamcgee@jason.edu,Physics
440,Franklin Gross,franklingross@jason.edu,Politics
441,Ezequiel Doyle,ezequieldoyle@jason.edu,Biology
442,Pablo Garner,pablogarner@jason.edu,Chemistry
443,Derrick Newton,derricknewton@jason.edu,Computer Science
444,Zachariah Burgess,zachariahburgess@jason.edu,DWA
445,Cade Reese,cadereese@jason.edu,Economics
446,Jonas Walton,jonaswalton@jason.edu,Math
447,Dexter Blake,dexterblake@jason.edu,Music
448,Kolton Trujillo,koltontrujillo@jason.edu,Philosophy
449,Remy Adkins,remyadkins@jason.edu,Physics
450,Hank Brady,hankbrady@jason.edu,Politics
451,Tate Goodman,tategoodman@jason.edu,Biology
452,Trenton Roman,trentonroman@jason.edu,Chemistry
453,Kian Webster,kianwebster@jason.edu,Computer Science
454,Drew Goodwin,drewgoodwin@jason.edu,DWA
455,Mohamed Fischer,mohamedfischer@jason.edu,Economics
456,Dax Huang,daxhuang@jason.edu,Math
457,Rocco Potter,roccopotter@jason.edu,Music
458,Bowen Delacruz,bowendelacruz@jason.edu,Philosophy
459,Mathias Montoya,mathiasmontoya@jason.edu,Physics
460,Ronald Todd,ronaldtodd@jason.edu,Politics
461,Francis Wu,franciswu@jason.edu,Biology
462,Matthias Hines,matthiashines@jason.edu,Chemistry
463,Milan Mullins,milanmullins@jason.edu,Computer Science
464,Maximilian Castaneda,maximiliancastaneda@jason.edu,DWA
465,Royce Malone,roycemalone@jason.edu,Economics
466,Skyler Cannon,skylercannon@jason.edu,Math
467,Corey Tate,coreytate@jason.edu,Music
468,Kasen Mack,kasenmack@jason.edu,Philosophy
469,Drake Sherman,drakesherman@jason.edu,Physics
470,Gerardo Hubbard,gerardohubbard@jason.edu,Politics
471,Jayson Hodges,jaysonhodges@jason.edu,Biology
472,Sage Zhang,sagezhang@jason.edu,Chemistry
473,Braylon Guerra,braylonguerra@jason.edu,Computer Science
474,Benson Wolf,bensonwolf@jason.edu,DWA
475,Moses Valencia,mosesvalencia@jason.edu,Economics
476,Alijah Franco,alijahfranco@jason.edu,Math
477,Rhys Saunders,rhyssaunders@jason.edu,Music
478,Otto Rowe,ottorowe@jason.edu,Philosophy
479,Oakley Gallagher,oakleygallagher@jason.edu,Physics
480,Armando Farmer,armandofarmer@jason.edu,Politics
481,Jaime Hammond,jaimehammond@jason.edu,Biology
482,Nixon Hampton,nixonhampton@jason.edu,Chemistry
483,Saul Townsend,saultownsend@jason.edu,Computer Science
484,Scott Ingram,scottingram@jason.edu,DWA
485,Brycen Wise,brycenwise@jason.edu,Economics
486,Ariel Gallegos,arielgallegos@jason.edu,Math
487,Enrique Clarke,enriqueclarke@jason.edu,Music
488,Donald Barton,donaldbarton@jason.edu,Philosophy
489,Chandler Schroeder,chandlerschroeder@jason.edu,Physics
490,Asa Maxwell,asamaxwell@jason.edu,Politics
491,Eden Waters,edenwaters@jason.edu,Biology
492,Davis Logan,davislogan@jason.edu,Chemistry
493,Keith Camacho,keithcamacho@jason.edu,Computer Science
494,Frederick Strickland,frederickstrickland@jason.edu,DWA
495,Rowen Norman,rowennorman@jason.edu,Economics
496,Lawrence Person,lawrenceperson@jason.edu,Math
497,Leonidas Colon,leonidascolon@jason.edu,Music
498,Aden Parsons,adenparsons@jason.edu,Philosophy
499,Julio Frank,juliofrank@jason.edu,Physics
500,Darius Harrington,dariusharrington@jason.edu,Politics
501,Emma Glover,emmaglover@jason.edu,Biology
502,Olivia Osborne,oliviaosborne@jason.edu,Chemistry
503,Ava Buchanan,avabuchanan@jason.edu,Computer Science
504,Isabella Casey,isabellacasey@jason.edu,DWA
505,Sophia Floyd,sophiafloyd@jason.edu,Economics
506,Mia Patton,miapatton@jason.edu,Math
507,Charlotte Ibarra,charlotteibarra@jason.edu,Music
508,Amelia Ball,ameliaball@jason.edu,Philosophy
509,Evelyn Tyler,evelyntyler@jason.edu,Physics
510,Abigail Suarez,abigailsuarez@jason.edu,Politics
511,Harper Bowers,harperbowers@jason.edu,Biology
512,Emily Orozco,emilyorozco@jason.edu,Chemistry
513,Elizabeth Salas,elizabethsalas@jason.edu,Computer Science
514,Avery Cobb,averycobb@jason.edu,DWA
515,Sofia Gibbs,sofiagibbs@jason.edu,Economics
516,Ella Andrade,ellaandrade@jason.edu,Math
517,Madison Bauer,madisonbauer@jason.edu,Music
518,Scarlett Conner,scarlettconner@jason.edu,Philosophy
519,Victoria Moody,victoriamoody@jason.edu,Physics
520,Aria Escobar,ariaescobar@jason.edu,Politics
521,Grace Mcguire,gracemcguire@jason.edu,Biology
522,Chloe Lloyd,chloelloyd@jason.edu,Chemistry
523,Camila Mueller,camilamueller@jason.edu,Computer Science
524,Penelope Hartman,penelopehartman@jason.edu,DWA
525,Riley French,rileyfrench@jason.edu,Economics
526,Layla Kramer,laylakramer@jason.edu,Math
527,Lillian Mcbride,lillianmcbride@jason.edu,Music
528,Nora Pope,norapope@jason.edu,Philosophy
529,Zoey Lindsey,zoeylindsey@jason.edu,Physics
530,Mila Velazquez,milavelazquez@jason.edu,Politics
531,Aubrey Norton,aubreynorton@jason.edu,Biology
532,Hannah Mccormick,hannahmccormick@jason.edu,Chemistry
533,Lily Sparks,lilysparks@jason.edu,Computer Science
534,Addison Flynn,addisonflynn@jason.edu,DWA
535,Eleanor Yates,eleanoryates@jason.edu,Economics
536,Natalie Hogan,nataliehogan@jason.edu,Math
537,Luna Marsh,lunamarsh@jason.edu,Music
538,Savannah Macias,savannahmacias@jason.edu,Philosophy
539,Brooklyn Villanueva,brooklynvillanueva@jason.edu,Physics
540,Leah Zamora,leahzamora@jason.edu,Politics
541,Zoe Pratt,zoepratt@jason.edu,Biology
542,Stella Stokes,stellastokes@jason.edu,Chemistry
543,Hazel Owen,hazelowen@jason.edu,Computer Science
544,Ellie Ballard,ellieballard@jason.edu,DWA
545,Paisley Lang,paisleylang@jason.edu,Economics
546,Audrey Brock,audreybrock@jason.edu,Math
547,Skylar Villarreal,skylarvillarreal@jason.edu,Music
548,Violet Charles,violetcharles@jason.edu,Philosophy
549,Claire Drake,clairedrake@jason.edu,Physics
550,Bella Barrera,bellabarrera@jason.edu,Politics
551,Aurora Cain,auroracain@jason.edu,Biology
552,Lucy Patrick,lucypatrick@jason.edu,Chemistry
553,Anna Pineda,annapineda@jason.edu,Computer Science
554,Samantha Burnett,samanthaburnett@jason.edu,DWA
555,Caroline Mercado,carolinemercado@jason.edu,Economics
556,Genesis Santana,genesissantana@jason.edu,Math
557,Aaliyah Shepherd,aaliyahshepherd@jason.edu,Music
558,Kennedy Bautista,kennedybautista@jason.edu,Philosophy
559,Kinsley Ali,kinsleyali@jason.edu,Physics
560,Allison Shaffer,allisonshaffer@jason.edu,Politics
561,Maya Lamb,mayalamb@jason.edu,Biology
562,Sarah Trevino,sarahtrevino@jason.edu,Chemistry
563,Madelyn Mckenzie,madelynmckenzie@jason.edu,Computer Science
564,Adeline Hess,adelinehess@jason.edu,DWA
565,Alexa Beil,alexabeil@jason.edu,Economics
566,Ariana Olsen,arianaolsen@jason.edu,Math
567,Elena Cochran,elenacochran@jason.edu,Music
568,Gabriella Morton,gabriellamorton@jason.edu,Philosophy
569,Naomi Nash,naominash@jason.edu,Physics
570,Alice Wilkins,alicewilkins@jason.edu,Politics
571,Sadie Petersen,sadiepetersen@jason.edu,Biology
572,Hailey Briggs,haileybriggs@jason.edu,Chemistry
573,Eva Shah,evashah@jason.edu,Computer Science
574,Emilia Roth,emiliaroth@jason.edu,DWA
575,Autumn Nicholson,autumnnicholson@jason.edu,Economics
576,Quinn Holloway,quinnholloway@jason.edu,Math
577,Nevaeh Lozano,nevaehlozano@jason.edu,Music
578,Piper Flowers,piperflowers@jason.edu,Philosophy
579,Ruby Rangel,rubyrangel@jason.edu,Physics
580,Serenity Hoover,serenityhoover@jason.edu,Politics
581,Willow Arias,willowarias@jason.edu,Biology
582,Everly Short,everlyshort@jason.edu,Chemistry
583,Cora Mora,coramora@jason.edu,Computer Science
584,Kaylee Valenzuela,kayleevalenzuela@jason.edu,DWA
585,Lydia Bryan,lydiabryan@jason.edu,Economics
586,Aubree Meyers,aubreemeyers@jason.edu,Math
587,Arianna Weiss,ariannaweiss@jason.edu,Music
588,Eliana Underwood,elianaunderwood@jason.edu,Philosophy
589,Peyton Bass,peytonbass@jason.edu,Physics
590,Melanie Greer,melaniegreer@jason.edu,Politics
591,Gianna Summers,giannasummers@jason.edu,Biology
592,Isabelle Houston,isabellehouston@jason.edu,Chemistry
593,Julia Carson,juliacarson@jason.edu,Computer Science
594,Valentina Morrow,valentinamorrow@jason.edu,DWA
595,Nova Clayton,novaclayton@jason.edu,Economics
596,Clara Whitaker,clarawhitaker@jason.edu,Math
597,Vivian Decker,viviandecker@jason.edu,Music
598,Reagan Yoder,reaganyoder@jason.edu,Philosophy
599,Mackenzie Collier,mackenziecollier@jason.edu,Physics
600,Madeline Zuniga,madelinezuniga@jason.edu,Politics
601,Brielle Carey,briellecarey@jason.edu,Biology
602,Delilah Wilcox,delilahwilcox@jason.edu,Chemistry
603,Isla Melendez,islamelendez@jason.edu,Computer Science
604,Rylee Poole,ryleepoole@jason.edu,DWA
605,Katherine Roberson,katherineroberson@jason.edu,Economics
606,Sophie Larsen,sophielarsen@jason.edu,Math
607,Josephine Conley,josephineconley@jason.edu,Music
608,Ivy Davenport,ivydavenport@jason.edu,Philosophy
609,Liliana Copeland,lilianacopeland@jason.edu,Physics
610,Jade Massey,jademassey@jason.edu,Politics
611,Maria Lam,marialam@jason.edu,Biology
612,Taylor Huff,taylorhuff@jason.edu,Chemistry
613,Hadley Rocha,hadleyrocha@jason.edu,Computer Science
614,Kylie Cameron,kyliecameron@jason.edu,DWA
615,Emery Jefferson,emeryjefferson@jason.edu,Economics
616,Adalynn Hood,adalynnhood@jason.edu,Math
617,Natalia Monroe,nataliamonroe@jason.edu,Music
618,Annabelle Anthony,annabelleanthony@jason.edu,Philosophy
619,Faith Pittman,faithpittman@jason.edu,Physics
620,Alexandra Huynh,alexandrahuynh@jason.edu,Politics
621,Ximena Randall,ximenarandall@jason.edu,Biology
622,Ashley Singleton,ashleysingleton@jason.edu,Chemistry
623,Brianna Kirk,briannakirk@jason.edu,Computer Science
624,Raelynn Combs,raelynncombs@jason.edu,DWA
625,Bailey Mathis,baileymathis@jason.edu,Economics
626,Mary Christian,marychristian@jason.edu,Math
627,Athena Skinner,athenaskinner@jason.edu,Music
628,Andrea Bradford,andreabradford@jason.edu,Philosophy
629,Leilani Richard,leilanirichard@jason.edu,Physics
630,Jasmine Galvan,jasminegalvan@jason.edu,Politics
631,Lyla Wall,lylawall@jason.edu,Biology
632,Margaret Boone,margaretboone@jason.edu,Chemistry
633,Alyssa Kirby,alyssakirby@jason.edu,Computer Science
634,Adalyn Wilkinson,adalynwilkinson@jason.edu,DWA
635,Arya Bridges,aryabridges@jason.edu,Economics
636,Norah Bruce,norahbruce@jason.edu,Math
637,Khloe Atkinson,khloeatkinson@jason.edu,Music
638,Kayla Velez,kaylavelez@jason.edu,Philosophy
639,Eden Meza,edenmeza@jason.edu,Physics
640,Eliza Roy,elizaroy@jason.edu,Politics
641,Rose Vincent,rosevincent@jason.edu,Biology
642,Ariel York,arielyork@jason.edu,Chemistry
643,Melody Hodge,melodyhodge@jason.edu,Computer Science
644,Alexis Villa,alexisvilla@jason.edu,DWA
645,Isabel Abbott,isabelabbott@jason.edu,Economics
646,Sydney Allison,sydneyallison@jason.edu,Math
647,Juliana Tapia,julianatapia@jason.edu,Music
648,Lauren Gates,laurengates@jason.edu,Philosophy
649,Iris Chase,irischase@jason.edu,Physics
650,Emerson Sosa,emersonsosa@jason.edu,Politics
651,London Sweeney,londonsweeney@jason.edu,Biology
652,Morgan Farrell,morganfarrell@jason.edu,Chemistry
653,Lilly Wyatt,lillywyatt@jason.edu,Computer Science
654,Charlie Dalton,charliedalton@jason.edu,DWA
655,Aliyah Horn,aliyahhorn@jason.edu,Economics
656,Valeria Barron,valeriabarron@jason.edu,Math
657,Arabella Phelps,arabellaphelps@jason.edu,Music
658,Sara Yu,sarayu@jason.edu,Philosophy
659,Finley Dickerson,finleydickerson@jason.edu,Physics
660,Trinity Heath,trinityheath@jason.edu,Politics
661,Ryleigh Foley,ryleighfoley@jason.edu,Biology
662,Jordyn Atkins,jordynatkins@jason.edu,Chemistry
663,Jocelyn Mathews,jocelynmathews@jason.edu,Computer Science
664,Kimberly Bonilla,kimberlybonilla@jason.edu,DWA
665,Esther Acevedo,estheracevedo@jason.edu,Economics
666,Molly Benitez,mollybenitez@jason.edu,Math
667,Valerie Zavala,valeriezavala@jason.edu,Music
668,Cecilia Hensley,ceciliahensley@jason.edu,Philosophy
669,Anastasia Glenn,anastasiaglenn@jason.edu,Physics
670,Daisy Cisneros,daisycisneros@jason.edu,Politics
671,Reese Harrell,reeseharrell@jason.edu,Biology
672,Laila Shields,lailashields@jason.edu,Chemistry
673,Mya Rubio,myarubio@jason.edu,Computer Science
674,Amy Choi,amychoi@jason.edu,DWA
675,Teagan Huffman,teaganhuffman@jason.edu,Economics
676,Amaya Boyer,amayaboyer@jason.edu,Math
677,Elise Garrison,elisegarrison@jason.edu,Music
678,Harmony Arroyo,harmonyarroyo@jason.edu,Philosophy
679,Paige Bond,paigebond@jason.edu,Physics
680,Adaline Kane,adalinekane@jason.edu,Politics
681,Fiona Hancock,fionahancock@jason.edu,Biology
682,Alaina Callahan,alainacallahan@jason.edu,Chemistry
683,Nicole Dillon,nicoledillon@jason.edu,Computer Science
684,Genevieve Cline,genevievecline@jason.edu,DWA
685,Lucia Wiggins,luciawiggins@jason.edu,Economics
686,Alina Grimes,alinagrimes@jason.edu,Math
687,Mckenzie Arellano,mckenziearellano@jason.edu,Music
688,Callie Melton,calliemelton@jason.edu,Philosophy
689,Payton Oneill,paytononeill@jason.edu,Physics
690,Eloise Savage,eloisesavage@jason.edu,Politics
691,Brooke Ho,brookeho@jason.edu,Biology
692,Londyn Beltran,londynbeltran@jason.edu,Chemistry
693,Mariah Pitts,mariahpitts@jason.edu,Computer Science
694,Julianna Parrish,juliannaparrish@jason.edu,DWA
695,Rachel Ponce,rachelponce@jason.edu,Economics
696,Daniela Rich,danielarich@jason.edu,Math
697,Gracie Booth,graciebooth@jason.edu,Music
698,Catherine Koch,catherinekoch@jason.edu,Philosophy
699,Angelina Golden,angelinagolden@jason.edu,Physics
700,Presley Ware,presleyware@jason.edu,Politics
701,Josie Brennan,josiebrennan@jason.edu,Biology
702,Harley Mcdowell,harleymcdowell@jason.edu,Chemistry
703,Adelyn Marks,adelynmarks@jason.edu,Computer Science
704,Vanessa Cantu,vanessacantu@jason.edu,DWA
705,Makayla Humphrey,makaylahumphrey@jason.edu,Economics
706,Parker Baxter,parkerbaxter@jason.edu,Math
707,Juliette Sawyer,juliettesawyer@jason.edu,Music
708,Amara Clay,amaraclay@jason.edu,Philosophy
709,Marley Tanner,marleytanner@jason.edu,Physics
710,Lila Hutchinson,lilahutchinson@jason.edu,Politics
711,Ana Kaur,anakaur@jason.edu,Biology
712,Rowan Berg,rowanberg@jason.edu,Chemistry
713,Alana Wiley,alanawiley@jason.edu,Computer Science
714,Michelle Gilmore,michellegilmore@jason.edu,DWA
715,Malia Russo,maliarusso@jason.edu,Economics
716,Rebecca Villegas,rebeccavillegas@jason.edu,Math
717,Brooklynn Hobbs,brooklynnhobbs@jason.edu,Music
718,Brynlee Keith,brynleekeith@jason.edu,Philosophy
719,Summer Wilkerson,summerwilkerson@jason.edu,Physics
720,Sloane Ahmed,sloaneahmed@jason.edu,Politics
721,Leila Beard,leilabeard@jason.edu,Biology
722,Sienna Mcclain,siennamcclain@jason.edu,Chemistry
723,Adriana Montes,adrianamontes@jason.edu,Computer Science
724,Sawyer Mata,sawyermata@jason.edu,DWA
725,Kendall Rosario,kendallrosario@jason.edu,Economics
726,Juliet Vang,julietvang@jason.edu,Math
727,Destiny Walter,destinywalter@jason.edu,Music
728,Alayna Henson,alaynahenson@jason.edu,Philosophy
729,Elliana Oneal,ellianaoneal@jason.edu,Physics
730,Diana Mosley,dianamosley@jason.edu,Politics
731,Hayden Mcclure,haydenmcclure@jason.edu,Biology
732,Ayla Beasley,aylabeasley@jason.edu,Chemistry
733,Dakota Stephenson,dakotastephenson@jason.edu,Computer Science
734,Angela Snow,angelasnow@jason.edu,DWA
735,Noelle Huerta,noellehuerta@jason.edu,Economics
736,Rosalie Preston,rosaliepreston@jason.edu,Math
737,Joanna Vance,joannavance@jason.edu,Music
738,Jayla Barry,jaylabarry@jason.edu,Philosophy
739,Alivia Johns,aliviajohns@jason.edu,Physics
740,Lola Eaton,lolaeaton@jason.edu,Politics
741,Emersyn Blackwell,emersynblackwell@jason.edu,Biology
742,Georgia Dyer,georgiadyer@jason.edu,Chemistry
743,Selena Prince,selenaprince@jason.edu,Computer Science
744,June Macdonald,junemacdonald@jason.edu,DWA
745,Daleyza Solomon,daleyzasolomon@jason.edu,Economics
746,Tessa Guevara,tessaguevara@jason.edu,Math
747,Maggie Stafford,maggiestafford@jason.edu,Music
748,Jessica English,jessicaenglish@jason.edu,Philosophy
749,Remi Hurst,remihurst@jason.edu,Physics
750,Delaney Woodard,delaneywoodard@jason.edu,Politics
751,Camille Cortes,camillecortes@jason.edu,Biology
752,Vivienne Shannon,vivienneshannon@jason.edu,Chemistry
753,Hope Kemp,hopekemp@jason.edu,Computer Science
754,Mckenna Nolan,mckennanolan@jason.edu,DWA
755,Gemma Mccullough,gemmamccullough@jason.edu,Economics
756,Olive Merritt,olivemerritt@jason.edu,Math
757,Alexandria Murillo,alexandriamurillo@jason.edu,Music
758,Blakely Moon,blakelymoon@jason.edu,Philosophy
759,Izabella Salgado,izabellasalgado@jason.edu,Physics
760,Catalina Strong,catalinastrong@jason.edu,Politics
761,Raegan Kline,raegankline@jason.edu,Biology
762,Journee Cordova,journeecordova@jason.edu,Chemistry
763,Gabrielle Barajas,gabriellebarajas@jason.edu,Computer Science
764,Lucille Roach,lucilleroach@jason.edu,DWA
765,Ruth Rosas,ruthrosas@jason.edu,Economics
766,Amiyah Winters,amiyahwinters@jason.edu,Math
767,Evangeline Jacobson,evangelinejacobson@jason.edu,Music
768,Blake Lester,blakelester@jason.edu,Philosophy
769,Thea Knox,theaknox@jason.edu,Physics
770,Amina Bullock,aminabullock@jason.edu,Politics
771,Giselle Kerr,gisellekerr@jason.edu,Biology
772,Lilah Leach,lilahleach@jason.edu,Chemistry
773,Melissa Meadows,melissameadows@jason.edu,Computer Science
774,River Davila,riverdavila@jason.edu,DWA
775,Kate Orr,kateorr@jason.edu,Economics
776,Adelaide Whitehead,adelaidewhitehead@jason.edu,Math
777,Charlee Pruitt,charleepruitt@jason.edu,Music
778,Vera Kent,verakent@jason.edu,Philosophy
779,Leia Conway,leiaconway@jason.edu,Physics
780,Gabriela Mckee,gabrielamckee@jason.edu,Politics
781,Zara Barr,zarabarr@jason.edu,Biology
782,Jane David,janedavid@jason.edu,Chemistry
783,Journey Dejesus,journeydejesus@jason.edu,Computer Science
784,Elaina Marin,elainamarin@jason.edu,DWA
785,Miriam Berger,miriamberger@jason.edu,Economics
786,Briella Mcintyre,briellamcintyre@jason.edu,Math
787,Stephanie Blankenship,stephanieblankenship@jason.edu,Music
788,Cali Gaines,caligaines@jason.edu,Philosophy
789,Ember Palacios,emberpalacios@jason.edu,Physics
790,Lilliana Cuevas,lillianacuevas@jason.edu,Politics
791,Aniyah Bartlett,aniyahbartlett@jason.edu,Biology
792,Logan Durham,logandurham@jason.edu,Chemistry
793,Kamila Dorsey,kamiladorsey@jason.edu,Computer Science
794,Brynn Mccall,brynnmccall@jason.edu,DWA
795,Ariella Odonnell,ariellaodonnell@jason.edu,Economics
796,Makenzie Stein,makenziestein@jason.edu,Math
797,Annie Browning,anniebrowning@jason.edu,Music
798,Mariana Stout,marianastout@jason.edu,Philosophy
799,Kali Lowery,kalilowery@jason.edu,Physics
800,Haven Sloan,havensloan@jason.edu,Politics
801,Elsie Mclean,elsiemclean@jason.edu,Biology
802,Nyla Hendricks,nylahendricks@jason.edu,Chemistry
803,Paris Calhoun,pariscalhoun@jason.edu,Computer Science
804,Lena Sexton,lenasexton@jason.edu,DWA
805,Freya Chung,freyachung@jason.edu,Economics
806,Adelynn Gentry,adelynngentry@jason.edu,Math
807,Lyric Hull,lyrichull@jason.edu,Music
808,Camilla Duarte,camilladuarte@jason.edu,Philosophy
809,Sage Ellison,sageellison@jason.edu,Physics
810,Jennifer Nielsen,jennifernielsen@jason.edu,Politics
811,Paislee Gillespie,paisleegillespie@jason.edu,Biology
812,Talia Buck,taliabuck@jason.edu,Chemistry
813,Alessandra Middleton,alessandramiddleton@jason.edu,Computer Science
814,Juniper Sellers,junipersellers@jason.edu,DWA
815,Fatima Leblanc,fatimaleblanc@jason.edu,Economics
816,Raelyn Esparza,raelynesparza@jason.edu,Math
817,Amira Hardin,amirahardin@jason.edu,Music
818,Arielle Bradshaw,ariellebradshaw@jason.edu,Philosophy
819,Phoebe Mcintosh,phoebemcintosh@jason.edu,Physics
820,Kinley Howe,kinleyhowe@jason.edu,Politics
821,Ada Livingston,adalivingston@jason.edu,Biology
822,Nina Frost,ninafrost@jason.edu,Chemistry
823,Ariah Glass,ariahglass@jason.edu,Computer Science
824,Samara Morse,samaramorse@jason.edu,DWA
825,Myla Knapp,mylaknapp@jason.edu,Economics
826,Brinley Herman,brinleyherman@jason.edu,Math
827,Cassidy Stark,cassidystark@jason.edu,Music
828,Maci Bravo,macibravo@jason.edu,Philosophy
829,Aspen Noble,aspennoble@jason.edu,Physics
830,Allie Spears,alliespears@jason.edu,Politics
831,Keira Weeks,keiraweeks@jason.edu,Biology
832,Kaia Corona,kaiacorona@jason.edu,Chemistry
833,Makenna Frederick,makennafrederick@jason.edu,Computer Science
834,Amanda Buckley,amandabuckley@jason.edu,DWA
835,Heaven Mcfarland,heavenmcfarland@jason.edu,Economics
836,Joy Hebert,joyhebert@jason.edu,Math
837,Lia Enriquez,liaenriquez@jason.edu,Music
838,Madilyn Hickman,madilynhickman@jason.edu,Philosophy
839,Gracelyn Quintero,gracelynquintero@jason.edu,Physics
840,Laura Randolph,laurarandolph@jason.edu,Politics
841,Evelynn Schaefer,evelynnschaefer@jason.edu,Biology
842,Lexi Walls,lexiwalls@jason.edu,Chemistry
843,Haley Trejo,haleytrejo@jason.edu,Computer Science
844,Miranda House,mirandahouse@jason.edu,DWA
845,Kaitlyn Reilly,kaitlynreilly@jason.edu,Economics
846,Daniella Pennington,daniellapennington@jason.edu,Math
847,Felicity Michael,felicitymichael@jason.edu,Music
848,Jacqueline Conrad,jacquelineconrad@jason.edu,Philosophy
849,Evie Giles,eviegiles@jason.edu,Physics
850,Angel Benjamin,angelbenjamin@jason.edu,Politics
851,Danielle Crosby,daniellecrosby@jason.edu,Biology
852,Ainsley Fitzpatrick,ainsleyfitzpatrick@jason.edu,Chemistry
853,Dylan Donovan,dylandonovan@jason.edu,Computer Science
854,Kiara Mays,kiaramays@jason.edu,DWA
855,Millie Mahoney,milliemahoney@jason.edu,Economics
856,Jordan Valentine,jordanvalentine@jason.edu,Math
857,Maddison Raymond,maddisonraymond@jason.edu,Music
858,Rylie Medrano,ryliemedrano@jason.edu,Philosophy
859,Alicia Hahn,aliciahahn@jason.edu,Physics
860,Maeve Mcmillan,maevemcmillan@jason.edu,Politics
861,Margot Small,margotsmall@jason.edu,Biology
862,Kylee Bentley,kyleebentley@jason.edu,Chemistry
863,Phoenix Felix,phoenixfelix@jason.edu,Computer Science
864,Heidi Peck,heidipeck@jason.edu,DWA
865,Zuri Lucero,zurilucero@jason.edu,Economics
866,Alondra Boyle,alondraboyle@jason.edu,Math
867,Lana Hanna,lanahanna@jason.edu,Music
868,Madeleine Pace,madeleinepace@jason.edu,Philosophy
869,Gracelynn Rush,gracelynnrush@jason.edu,Physics
870,Kenzie Hurley,kenziehurley@jason.edu,Politics
871,Miracle Harding,miracleharding@jason.edu,Biology
872,Shelby Mcconnell,shelbymcconnell@jason.edu,Chemistry
873,Elle Bernal,ellebernal@jason.edu,Computer Science
874,Adrianna Nava,adriannanava@jason.edu,DWA
875,Bianca Ayers,biancaayers@jason.edu,Economics
876,Addilyn Everett,addilyneverett@jason.edu,Math
877,Kira Ventura,kiraventura@jason.edu,Music
878,Veronica Avery,veronicaavery@jason.edu,Philosophy
879,Gwendolyn Pugh,gwendolynpugh@jason.edu,Physics
880,Esmeralda Mayer,esmeraldamayer@jason.edu,Politics
881,Chelsea Bender,chelseabender@jason.edu,Biology
882,Alison Shepard,alisonshepard@jason.edu,Chemistry
883,Skyler Mcmahon,skylermcmahon@jason.edu,Computer Science
884,Magnolia Landry,magnolialandry@jason.edu,DWA
885,Daphne Case,daphnecase@jason.edu,Economics
886,Jenna Sampson,jennasampson@jason.edu,Math
887,Everleigh Moses,everleighmoses@jason.edu,Music
888,Kyla Magana,kylamagana@jason.edu,Philosophy
889,Braelynn Blackburn,braelynnblackburn@jason.edu,Physics
890,Harlow Dunlap,harlowdunlap@jason.edu,Politics
891,Annalise Gould,annalisegould@jason.edu,Biology
892,Mikayla Duffy,mikayladuffy@jason.edu,Chemistry
893,Dahlia Vaughan,dahliavaughan@jason.edu,Computer Science
894,Maliyah Herring,maliyahherring@jason.edu,DWA
895,Averie Mckay,averiemckay@jason.edu,Economics
896,Scarlet Espinosa,scarletespinosa@jason.edu,Math
897,Kayleigh Rivers,kayleighrivers@jason.edu,Music
898,Luciana Farley,lucianafarley@jason.edu,Philosophy
899,Kelsey Bernard,kelseybernard@jason.edu,Physics
900,Nadia Ashley,nadiaashley@jason.edu,Politics
901,Amber Friedman,amberfriedman@jason.edu,Biology
902,Gia Potts,giapotts@jason.edu,Chemistry
903,Kamryn Truong,kamryntruong@jason.edu,Computer Science
904,Yaretzi Costa,yaretzicosta@jason.edu,DWA
905,Carmen Correa,carmencorrea@jason.edu,Economics
906,Jimena Blevins,jimenablevins@jason.edu,Math
907,Erin Nixon,erinnixon@jason.edu,Music
908,Christina Clements,christinaclements@jason.edu,Philosophy
909,Katie Fry,katiefry@jason.edu,Physics
910,Ryan Delarosa,ryandelarosa@jason.edu,Politics
911,Viviana Best,vivianabest@jason.edu,Biology
912,Alexia Benton,alexiabenton@jason.edu,Chemistry
913,Anaya Lugo,anayalugo@jason.edu,Computer Science
914,Serena Portillo,serenaportillo@jason.edu,DWA
915,Katelyn Dougherty,katelyndougherty@jason.edu,Economics
916,Ophelia Crane,opheliacrane@jason.edu,Math
917,Regina Haley,reginahaley@jason.edu,Music
918,Helen Phan,helenphan@jason.edu,Philosophy
919,Remington Villalobos,remingtonvillalobos@jason.edu,Physics
920,Camryn Blanchard,camrynblanchard@jason.edu,Politics
921,Cadence Horne,cadencehorne@jason.edu,Biology
922,Royalty Finley,royaltyfinley@jason.edu,Chemistry
923,Amari Quintana,amariquintana@jason.edu,Computer Science
924,Kathryn Lynn,kathrynlynn@jason.edu,DWA
925,Skye Esquivel,skyeesquivel@jason.edu,Economics
926,Emely Bean,emelybean@jason.edu,Math
927,Jada Dodson,jadadodson@jason.edu,Music
928,Ariyah Mullen,ariyahmullen@jason.edu,Philosophy
929,Aylin Xiong,aylinxiong@jason.edu,Physics
930,Saylor Hayden,saylorhayden@jason.edu,Politics
931,Kendra Cano,kendracano@jason.edu,Biology
932,Cheyenne Levy,cheyennelevy@jason.edu,Chemistry
933,Fernanda Huber,fernandahuber@jason.edu,Computer Science
934,Sabrina Richmond,sabrinarichmond@jason.edu,DWA
935,Francesca Moyer,francescamoyer@jason.edu,Economics
936,Eve Lim,evelim@jason.edu,Math
937,Mckinley Frye,mckinleyfrye@jason.edu,Music
938,Frances Sheppard,francessheppard@jason.edu,Philosophy
939,Sarai Mccarty,saraimccarty@jason.edu,Physics
940,Carolina Avalos,carolinaavalos@jason.edu,Politics
941,Kennedi Booker,kennedibooker@jason.edu,Biology
942,Nylah Waller,nylahwaller@jason.edu,Chemistry
943,Tatum Parra,tatumparra@jason.edu,Computer Science
944,Alani Woodward,alaniwoodward@jason.edu,DWA
945,Lennon Jaramillo,lennonjaramillo@jason.edu,Economics
946,Raven Krueger,ravenkrueger@jason.edu,Math
947,Zariah Rasmussen,zariahrasmussen@jason.edu,Music
948,Leslie Brandt,lesliebrandt@jason.edu,Philosophy
949,Winter Peralta,winterperalta@jason.edu,Physics
950,Abby Donaldson,abbydonaldson@jason.edu,Politics
951,Mabel Stuart,mabelstuart@jason.edu,Biology
952,Sierra Faulkner,sierrafaulkner@jason.edu,Chemistry
953,April Maynard,aprilmaynard@jason.edu,Computer Science
954,Willa Galindo,willagalindo@jason.edu,DWA
955,Carly Coffey,carlycoffey@jason.edu,Economics
956,Jolene Estes,joleneestes@jason.edu,Math
957,Rosemary Sanford,rosemarysanford@jason.edu,Music
958,Aviana Burch,avianaburch@jason.edu,Philosophy
959,Madelynn Maddox,madelynnmaddox@jason.edu,Physics
960,Selah Vo,selahvo@jason.edu,Politics
961,Renata Oconnell,renataoconnell@jason.edu,Biology
962,Lorelei Vu,loreleivu@jason.edu,Chemistry
963,Briana Andersen,brianaandersen@jason.edu,Computer Science
964,Celeste Spence,celestespence@jason.edu,DWA
965,Wren Mcpherson,wrenmcpherson@jason.edu,Economics
966,Charleigh Church,charleighchurch@jason.edu,Math
967,Leighton Schmitt,leightonschmitt@jason.edu,Music
968,Annabella Stanton,annabellastanton@jason.edu,Philosophy
969,Jayleen Leal,jayleenleal@jason.edu,Physics
970,Braelyn Cherry,braelyncherry@jason.edu,Politics
971,Ashlyn Compton,ashlyncompton@jason.edu,Biology
972,Jazlyn Dudley,jazlyndudley@jason.edu,Chemistry
973,Mira Sierra,mirasierra@jason.edu,Computer Science
974,Oakley Pollard,oakleypollard@jason.edu,DWA
975,Malaysia Alfaro,malaysiaalfaro@jason.edu,Economics
976,Edith Hester,edithhester@jason.edu,Math
977,Avianna Proctor,aviannaproctor@jason.edu,Music
978,Maryam Lu,maryamlu@jason.edu,Philosophy
979,Emmalyn Hinton,emmalynhinton@jason.edu,Physics
980,Hattie Novak,hattienovak@jason.edu,Politics
981,Kensley Good,kensleygood@jason.edu,Biology
982,Macie Madden,maciemadden@jason.edu,Chemistry
983,Bristol Mccann,bristolmccann@jason.edu,Computer Science
984,Marlee Terrell,marleeterrell@jason.edu,DWA
985,Demi Jarvis,demijarvis@jason.edu,Economics
986,Cataleya Dickson,cataleyadickson@jason.edu,Math
987,Maia Reyna,maiareyna@jason.edu,Music
988,Sylvia Cantrell,sylviacantrell@jason.edu,Philosophy
989,Itzel Mayo,itzelmayo@jason.edu,Physics
990,Allyson Branch,allysonbranch@jason.edu,Politics
991,Lilith Hendrix,lilithhendrix@jason.edu,Biology
992,Melany Rollins,melanyrollins@jason.edu,Chemistry
993,Kaydence Rowland,kaydencerowland@jason.edu,Computer Science
994,Holly Whitney,hollywhitney@jason.edu,DWA
995,Nayeli Duke,nayeliduke@jason.edu,Economics
996,Meredith Odom,meredithodom@jason.edu,Math
997,Nia Daugherty,niadaugherty@jason.edu,Music
998,Liana Travis,lianatravis@jason.edu,Philosophy
999,Megan Tang,megantang@jason.edu,Physics
1000,Justice Hickson,justicehickson@jason.edu,Politics
1001,Liam Lopez,liamlopez@jason.edu,Biology
1002,Noah Gonzalez,noahgonzalez@jason.edu,Chemistry
1003,William Wilson,williamwilson@jason.edu,Computer Science
1004,James Anderson,jamesanderson@jason.edu,DWA
1005,Logan Thomas,loganthomas@jason.edu,Economics
1006,Benjamin Taylor,benjamintaylor@jason.edu,Math
1007,Mason Moore,masonmoore@jason.edu,Music
1008,Elijah Jackson,elijahjackson@jason.edu,Philosophy
1009,Oliver Martin,olivermartin@jason.edu,Physics
1010,Jacob Lee,jacoblee@jason.edu,Politics
1011,Lucas Perez,lucasperez@jason.edu,Biology
1012,Michael Thompson,michaelthompson@jason.edu,Chemistry
1013,Alexander White,alexanderwhite@jason.edu,Computer Science
1014,Ethan Harris,ethanharris@jason.edu,DWA
1015,Daniel Sanchez,danielsanchez@jason.edu,Economics
1016,Matthew Clark,matthewclark@jason.edu,Math
1017,Aiden Ramirez,aidenramirez@jason.edu,Music
1018,Henry Lewis,henrylewis@jason.edu,Philosophy
1019,Joseph Robinson,josephrobinson@jason.edu,Physics
1020,Jackson Walker,jacksonwalker@jason.edu,Politics
1021,Samuel Young,samuelyoung@jason.edu,Biology
1022,Sebastian Allen,sebastianallen@jason.edu,Chemistry
1023,David King,davidking@jason.edu,Computer Science
1024,Carter Wright,carterwright@jason.edu,DWA
1025,Wyatt Scott,wyattscott@jason.edu,Economics
1026,Jayden Torres,jaydentorres@jason.edu,Math
1027,John Nguyen,johnnguyen@jason.edu,Music
1028,Owen Hill,owenhill@jason.edu,Philosophy
1029,Dylan Flores,dylanflores@jason.edu,Physics
1030,Luke Green,lukegreen@jason.edu,Politics
1031,Gabriel Adams,gabrieladams@jason.edu,Biology
1032,Anthony Nelson,anthonynelson@jason.edu,Chemistry
1033,Isaac Baker,isaacbaker@jason.edu,Computer Science
1034,Grayson Hall,graysonhall@jason.edu,DWA
1035,Jack Rivera,jackrivera@jason.edu,Economics
1036,Julian Campbell,juliancampbell@jason.edu,Math
1037,Levi Mitchell,levimitchell@jason.edu,Music
1038,Christopher Carter,christophercarter@jason.edu,Philosophy
1039,Joshua Roberts,joshuaroberts@jason.edu,Physics
1040,Andrew Gomez,andrewgomez@jason.edu,Politics
1041,Lincoln Phillips,lincolnphillips@jason.edu,Biology
1042,Mateo Evans,mateoevans@jason.edu,Chemistry
1043,Ryan Turner,ryanturner@jason.edu,Computer Science
1044,Jaxon Diaz,jaxondiaz@jason.edu,DWA
1045,Nathan Parker,nathanparker@jason.edu,Economics
1046,Aaron Cruz,aaroncruz@jason.edu,Math
1047,Isaiah Edwards,isaiahedwards@jason.edu,Music
1048,Thomas Collins,thomascollins@jason.edu,Philosophy
1049,Charles Reyes,charlesreyes@jason.edu,Physics
1050,Caleb Stewart,calebstewart@jason.edu,Politics
1051,Josiah Morris,josiahmorris@jason.edu,Biology
1052,Christian Morales,christianmorales@jason.edu,Chemistry
1053,Hunter Murphy,huntermurphy@jason.edu,Computer Science
1054,Eli Cook,elicook@jason.edu,DWA
1055,Jonathan Rogers,jonathanrogers@jason.edu,Economics
1056,Connor Gutierrez,connorgutierrez@jason.edu,Math
1057,Landon Ortiz,landonortiz@jason.edu,Music
1058,Adrian Morgan,adrianmorgan@jason.edu,Philosophy
1059,Asher Cooper,ashercooper@jason.edu,Physics
1060,Cameron Peterson,cameronpeterson@jason.edu,Politics
1061,Leo Bailey,leobailey@jason.edu,Biology
1062,Theodore Reed,theodorereed@jason.edu,Chemistry
1063,Jeremiah Kelly,jeremiahkelly@jason.edu,Computer Science
1064,Hudson Howard,hudsonhoward@jason.edu,DWA
1065,Robert Ramos,robertramos@jason.edu,Economics
1066,Easton Kim,eastonkim@jason.edu,Math
1067,Nolan Cox,nolancox@jason.edu,Music
1068,Nicholas Ward,nicholasward@jason.edu,Philosophy
1069,Ezra Richardson,ezrarichardson@jason.edu,Physics
1070,Colton Watson,coltonwatson@jason.edu,Politics
1071,Angel Brooks,angelbrooks@jason.edu,Biology
1072,Brayden Chavez,braydenchavez@jason.edu,Chemistry
1073,Jordan Wood,jordanwood@jason.edu,Computer Science
1074,Dominic James,dominicjames@jason.edu,DWA
1075,Austin Bennett,austinbennett@jason.edu,Economics
1076,Ian Gray,iangray@jason.edu,Math
1077,Adam Mendoza,adammendoza@jason.edu,Music
1078,Elias Ruiz,eliasruiz@jason.edu,Philosophy
1079,Jaxson Hughes,jaxsonhughes@jason.edu,Physics
1080,Greyson Price,greysonprice@jason.edu,Politics
1081,Jose Alvarez,josealvarez@jason.edu,Biology
1082,Ezekiel Castillo,ezekielcastillo@jason.edu,Chemistry
1083,Carson Sanders,carsonsanders@jason.edu,Computer Science
1084,Evan Patel,evanpatel@jason.edu,DWA
1085,Maverick Myers,maverickmyers@jason.edu,Economics
1086,Bryson Long,brysonlong@jason.edu,Math
1087,Jace Ross,jaceross@jason.edu,Music
1088,Cooper Foster,cooperfoster@jason.edu,Philosophy
1089,Xavier Jimenez,xavierjimenez@jason.edu,Physics
1090,Parker Powell,parkerpowell@jason.edu,Politics
1091,Roman Jenkins,romanjenkins@jason.edu,Biology
1092,Jason Perry,jasonperry@jason.edu,Chemistry
1093,Santiago Russell,santiagorussell@jason.edu,Computer Science
1094,Chase Sullivan,chasesullivan@jason.edu,DWA
1095,Sawyer Bell,sawyerbell@jason.edu,Economics
1096,Gavin Coleman,gavincoleman@jason.edu,Math
1097,Leonardo Butler,leonardobutler@jason.edu,Music
1098,Kayden Henderson,kaydenhenderson@jason.edu,Philosophy
1099,Ayden Barnes,aydenbarnes@jason.edu,Physics
1100,Jameson Gonzales,jamesongonzales@jason.edu,Politics
1101,Kevin Fisher,kevinfisher@jason.edu,Biology
1102,Bentley Vasquez,bentleyvasquez@jason.edu,Chemistry
1103,Zachary Simmons,zacharysimmons@jason.edu,Computer Science
1104,Everett Romero,everettromero@jason.edu,DWA
1105,Axel Jordan,axeljordan@jason.edu,Economics
1106,Tyler Patterson,tylerpatterson@jason.edu,Math
1107,Micah Alexander,micahalexander@jason.edu,Music
1108,Vincent Hamilton,vincenthamilton@jason.edu,Philosophy
1109,Weston Graham,westongraham@jason.edu,Physics
1110,Miles Reynolds,milesreynolds@jason.edu,Politics
1111,Wesley Griffin,wesleygriffin@jason.edu,Biology
1112,Nathaniel Wallace,nathanielwallace@jason.edu,Chemistry
1113,Harrison Moreno,harrisonmoreno@jason.edu,Computer Science
1114,Brandon West,brandonwest@jason.edu,DWA
1115,Cole Cole,colecole@jason.edu,Economics
1116,Declan Hayes,declanhayes@jason.edu,Math
1117,Luis Bryant,luisbryant@jason.edu,Music
1118,Braxton Herrera,braxtonherrera@jason.edu,Philosophy
1119,Damian Gibson,damiangibson@jason.edu,Physics
1120,Silas Ellis,silasellis@jason.edu,Politics
1121,Tristan Tran,tristantran@jason.edu,Biology
1122,Ryder Medina,rydermedina@jason.edu,Chemistry
1123,Bennett Aguilar,bennettaguilar@jason.edu,Computer Science
1124,George Stevens,georgestevens@jason.edu,DWA
1125,Emmett Murray,emmettmurray@jason.edu,Economics
1126,Justin Ford,justinford@jason.edu,Math
1127,Kai Castro,kaicastro@jason.edu,Music
1128,Max Marshall,maxmarshall@jason.edu,Philosophy
1129,Diego Owens,diegoowens@jason.edu,Physics
1130,Luca Harrison,lucaharrison@jason.edu,Politics
1131,Ryker Fernandez,rykerfernandez@jason.edu,Biology
1132,Carlos Mcdonald,carlosmcdonald@jason.edu,Chemistry
1133,Maxwell Woods,maxwellwoods@jason.edu,Computer Science
1134,Kingston Washington,kingstonwashington@jason.edu,DWA
1135,Ivan Kennedy,ivankennedy@jason.edu,Economics
1136,Maddox Wells,maddoxwells@jason.edu,Math
1137,Juan Vargas,juanvargas@jason.edu,Music
1138,Ashton Henry,ashtonhenry@jason.edu,Philosophy
1139,Jayce Chen,jaycechen@jason.edu,Physics
1140,Rowan Freeman,rowanfreeman@jason.edu,Politics
1141,Kaiden Webb,kaidenwebb@jason.edu,Biology
1142,Giovanni Tucker,giovannitucker@jason.edu,Chemistry
1143,Eric Guzman,ericguzman@jason.edu,Computer Science
1144,Jesus Burns,jesusburns@jason.edu,DWA
1145,Calvin Crawford,calvincrawford@jason.edu,Economics
1146,Abel Olson,abelolson@jason.edu,Math
1147,King Simpson,kingsimpson@jason.edu,Music
1148,Camden Porter,camdenporter@jason.edu,Philosophy
1149,Amir Hunter,amirhunter@jason.edu,Physics
1150,Blake Gordon,blakegordon@jason.edu,Politics
1151,Alex Mendez,alexmendez@jason.edu,Biology
1152,Brody Silva,brodysilva@jason.edu,Chemistry
1153,Malachi Shaw,malachishaw@jason.edu,Computer Science
1154,Emmanuel Snyder,emmanuelsnyder@jason.edu,DWA
1155,Jonah Mason,jonahmason@jason.edu,Economics
1156,Beau Dixon,beaudixon@jason.edu,Math
1157,Jude Munoz,judemunoz@jason.edu,Music
1158,Antonio Hunt,antoniohunt@jason.edu,Philosophy
1159,Alan Hicks,alanhicks@jason.edu,Physics
1160,Elliott Holmes,elliottholmes@jason.edu,Politics
1161,Elliot Palmer,elliotpalmer@jason.edu,Biology
1162,Waylon Wagner,waylonwagner@jason.edu,Chemistry
1163,Xander Black,xanderblack@jason.edu,Computer Science
1164,Timothy Robertson,timothyrobertson@jason.edu,DWA
1165,Victor Boyd,victorboyd@jason.edu,Economics
1166,Bryce Rose,brycerose@jason.edu,Math
1167,Finn Stone,finnstone@jason.edu,Music
1168,Brantley Salazar,brantleysalazar@jason.edu,Philosophy
1169,Edward Fox,edwardfox@jason.edu,Physics
1170,Abraham Warren,abrahamwarren@jason.edu,Politics
1171,Patrick Mills,patrickmills@jason.edu,Biology
1172,Grant Meyer,grantmeyer@jason.edu,Chemistry
1173,Karter Rice,karterrice@jason.edu,Computer Science
1174,Hayden Schmidt,haydenschmidt@jason.edu,DWA
1175,Richard Garza,richardgarza@jason.edu,Economics
1176,Miguel Daniels,migueldaniels@jason.edu,Math
1177,Joel Ferguson,joelferguson@jason.edu,Music
1178,Gael Nichols,gaelnichols@jason.edu,Philosophy
1179,Tucker Stephens,tuckerstephens@jason.edu,Physics
1180,Rhett Soto,rhettsoto@jason.edu,Politics
1181,Avery Weaver,averyweaver@jason.edu,Biology
1182,Steven Ryan,stevenryan@jason.edu,Chemistry
1183,Graham Gardner,grahamgardner@jason.edu,Computer Science
1184,Kaleb Payne,kalebpayne@jason.edu,DWA
1185,Jasper Grant,jaspergrant@jason.edu,Economics
1186,Jesse Dunn,jessedunn@jason.edu,Math
1187,Matteo Kelley,matteokelley@jason.edu,Music
1188,Dean Spencer,deanspencer@jason.edu,Philosophy
1189,Zayden Hawkins,zaydenhawkins@jason.edu,Physics
1190,Preston Arnold,prestonarnold@jason.edu,Politics
1191,August Pierce,augustpierce@jason.edu,Biology
1192,Oscar Vazquez,oscarvazquez@jason.edu,Chemistry
1193,Jeremy Hansen,jeremyhansen@jason.edu,Computer Science
1194,Alejandro Peters,alejandropeters@jason.edu,DWA
1195,Marcus Santos,marcussantos@jason.edu,Economics
1196,Dawson Hart,dawsonhart@jason.edu,Math
1197,Lorenzo Bradley,lorenzobradley@jason.edu,Music
1198,Messiah Knight,messiahknight@jason.edu,Philosophy
1199,Zion Elliott,zionelliott@jason.edu,Physics
1200,Maximus Cunningham,maximuscunningham@jason.edu,Politics
1201,River Duncan,riverduncan@jason.edu,Biology
1202,Zane Armstrong,zanearmstrong@jason.edu,Chemistry
1203,Mark Hudson,markhudson@jason.edu,Computer Science
1204,Brooks Carroll,brookscarroll@jason.edu,DWA
1205,Nicolas Lane,nicolaslane@jason.edu,Economics
1206,Paxton Riley,paxtonriley@jason.edu,Math
1207,Judah Andrews,judahandrews@jason.edu,Music
1208,Emiliano Alvarado,emilianoalvarado@jason.edu,Philosophy
1209,Kaden Ray,kadenray@jason.edu,Physics
1210,Bryan Delgado,bryandelgado@jason.edu,Politics
1211,Kyle Berry,kyleberry@jason.edu,Biology
1212,Myles Perkins,mylesperkins@jason.edu,Chemistry
1213,Peter Hoffman,peterhoffman@jason.edu,Computer Science
1214,Charlie Johnston,charliejohnston@jason.edu,DWA
1215,Kyrie Matthews,kyriematthews@jason.edu,Economics
1216,Thiago Pena,thiagopena@jason.edu,Math
1217,Brian Richards,brianrichards@jason.edu,Music
1218,Kenneth Contreras,kennethcontreras@jason.edu,Philosophy
1219,Andres Willis,andreswillis@jason.edu,Physics
1220,Lukas Carpenter,lukascarpenter@jason.edu,Politics
1221,Aidan Lawrence,aidanlawrence@jason.edu,Biology
1222,Jax Sandoval,jaxsandoval@jason.edu,Chemistry
1223,Caden Guerrero,cadenguerrero@jason.edu,Computer Science
1224,Milo George,milogeorge@jason.edu,DWA
1225,Paul Chapman,paulchapman@jason.edu,Economics
1226,Beckett Rios,beckettrios@jason.edu,Math
1227,Brady Estrada,bradyestrada@jason.edu,Music
1228,Colin Ortega,colinortega@jason.edu,Philosophy
1229,Omar Watkins,omarwatkins@jason.edu,Physics
1230,Bradley Greene,bradleygreene@jason.edu,Politics
1231,Javier Nunez,javiernunez@jason.edu,Biology
1232,Knox Wheeler,knoxwheeler@jason.edu,Chemistry
1233,Jaden Valdez,jadenvaldez@jason.edu,Computer Science
1234,Barrett Harper,barrettharper@jason.edu,DWA
1235,Israel Burke,israelburke@jason.edu,Economics
1236,Matias Larson,matiaslarson@jason.edu,Math
1237,Jorge Santiago,jorgesantiago@jason.edu,Music
1238,Zander Maldonado,zandermaldonado@jason.edu,Philosophy
1239,Derek Morrison,derekmorrison@jason.edu,Physics
1240,Josue Franklin,josuefranklin@jason.edu,Politics
1241,Cayden Carlson,caydencarlson@jason.edu,Biology
1242,Holden Austin,holdenaustin@jason.edu,Chemistry
1243,Griffin Dominguez,griffindominguez@jason.edu,Computer Science
1244,Arthur Carr,arthurcarr@jason.edu,DWA
1245,Leon Lawson,leonlawson@jason.edu,Economics
1246,Felix Jacobs,felixjacobs@jason.edu,Math
1247,Remington Obrien,remingtonobrien@jason.edu,Music
1248,Jake Lynch,jakelynch@jason.edu,Philosophy
1249,Killian Singh,killiansingh@jason.edu,Physics
1250,Clayton Vega,claytonvega@jason.edu,Politics
1251,Sean Bishop,seanbishop@jason.edu,Biology
1252,Adriel Montgomery,adrielmontgomery@jason.edu,Chemistry
1253,Riley Oliver,rileyoliver@jason.edu,Computer Science
1254,Archer Jensen,archerjensen@jason.edu,DWA
1255,Legend Harvey,legendharvey@jason.edu,Economics
1256,Erick Williamson,erickwilliamson@jason.edu,Math
1257,Enzo Gilbert,enzogilbert@jason.edu,Music
1258,Corbin Dean,corbindean@jason.edu,Philosophy
1259,Francisco Sims,franciscosims@jason.edu,Physics
1260,Dallas Espinoza,dallasespinoza@jason.edu,Politics
1261,Emilio Howell,emiliohowell@jason.edu,Biology
1262,Gunner Li,gunnerli@jason.edu,Chemistry
1263,Simon Wong,simonwong@jason.edu,Computer Science
1264,Andre Reid,andrereid@jason.edu,DWA
1265,Walter Hanson,walterhanson@jason.edu,Economics
1266,Damien Le,damienle@jason.edu,Math
1267,Chance Mccoy,chancemccoy@jason.edu,Music
1268,Phoenix Garrett,phoenixgarrett@jason.edu,Philosophy
1269,Colt Burton,coltburton@jason.edu,Physics
1270,Tanner Fuller,tannerfuller@jason.edu,Politics
1271,Stephen Wang,stephenwang@jason.edu,Biology
1272,Kameron Weber,kameronweber@jason.edu,Chemistry
1273,Tobias Welch,tobiaswelch@jason.edu,Computer Science
1274,Manuel Rojas,manuelrojas@jason.edu,DWA
1275,Amari Lucas,amarilucas@jason.edu,Economics
1276,Emerson Marquez,emersonmarquez@jason.edu,Math
1277,Louis Fields,louisfields@jason.edu,Music
1278,Cody Park,codypark@jason.edu,Philosophy
1279,Finley Yang,finleyyang@jason.edu,Physics
1280,Iker Little,ikerlittle@jason.edu,Politics
1281,Martin Banks,martinbanks@jason.edu,Biology
1282,Rafael Padilla,rafaelpadilla@jason.edu,Chemistry
1283,Nash Day,nashday@jason.edu,Computer Science
1284,Beckham Walsh,beckhamwalsh@jason.edu,DWA
1285,Cash Bowman,cashbowman@jason.edu,Economics
1286,Karson Schultz,karsonschultz@jason.edu,Math
1287,Rylan Luna,rylanluna@jason.edu,Music
1288,Reid Fowler,reidfowler@jason.edu,Philosophy
1289,Theo Mejia,theomejia@jason.edu,Physics
1290,Ace Davidson,acedavidson@jason.edu,Politics
1291,Eduardo Acosta,eduardoacosta@jason.edu,Biology
1292,Spencer Brewer,spencerbrewer@jason.edu,Chemistry
1293,Raymond May,raymondmay@jason.edu,Computer Science
1294,Maximiliano Holland,maximilianoholland@jason.edu,DWA
1295,Anderson Juarez,andersonjuarez@jason.edu,Economics
1296,Ronan Newman,ronannewman@jason.edu,Math
1297,Lane Pearson,lanepearson@jason.edu,Music
1298,Cristian Curtis,cristiancurtis@jason.edu,Philosophy
1299,Titus Cortez,tituscortez@jason.edu,Physics
1300,Travis Douglas,travisdouglas@jason.edu,Politics
1301,Jett Schneider,jettschneider@jason.edu,Biology
1302,Ricardo Joseph,ricardojoseph@jason.edu,Chemistry
1303,Bodhi Barrett,bodhibarrett@jason.edu,Computer Science
1304,Gideon Navarro,gideonnavarro@jason.edu,DWA
1305,Jaiden Figueroa,jaidenfigueroa@jason.edu,Economics
1306,Fernando Keller,fernandokeller@jason.edu,Math
1307,Mario Avila,marioavila@jason.edu,Music
1308,Conor Wade,conorwade@jason.edu,Philosophy
1309,Keegan Molina,keeganmolina@jason.edu,Physics
1310,Ali Stanley,alistanley@jason.edu,Politics
1311,Cesar Hopkins,cesarhopkins@jason.edu,Biology
1312,Ellis Campos,elliscampos@jason.edu,Chemistry
1313,Jayceon Barnett,jayceonbarnett@jason.edu,Computer Science
1314,Walker Bates,walkerbates@jason.edu,DWA
1315,Cohen Chambers,cohenchambers@jason.edu,Economics
1316,Arlo Caldwell,arlocaldwell@jason.edu,Math
1317,Hector Beck,hectorbeck@jason.edu,Music
1318,Dante Lambert,dantelambert@jason.edu,Philosophy
1319,Kyler Miranda,kylermiranda@jason.edu,Physics
1320,Garrett Byrd,garrettbyrd@jason.edu,Politics
1321,Donovan Craig,donovancraig@jason.edu,Biology
1322,Seth Ayala,sethayala@jason.edu,Chemistry
1323,Jeffrey Lowe,jeffreylowe@jason.edu,Computer Science
1324,Tyson Frazier,tysonfrazier@jason.edu,DWA
1325,Jase Powers,jasepowers@jason.edu,Economics
1326,Desmond Neal,desmondneal@jason.edu,Math
1327,Caiden Leonard,caidenleonard@jason.edu,Music
1328,Gage Gregory,gagegregory@jason.edu,Philosophy
1329,Atlas Carrillo,atlascarrillo@jason.edu,Physics
1330,Major Sutton,majorsutton@jason.edu,Politics
1331,Devin Fleming,devinfleming@jason.edu,Biology
1332,Edwin Rhodes,edwinrhodes@jason.edu,Chemistry
1333,Angelo Shelton,angeloshelton@jason.edu,Computer Science
1334,Orion Schwartz,orionschwartz@jason.edu,DWA
1335,Conner Norris,connernorris@jason.edu,Economics
1336,Julius Jennings,juliusjennings@jason.edu,Math
1337,Marco Watts,marcowatts@jason.edu,Music
1338,Jensen Duran,jensenduran@jason.edu,Philosophy
1339,Daxton Walters,daxtonwalters@jason.edu,Physics
1340,Peyton Cohen,peytoncohen@jason.edu,Politics
1341,Zayn Mcdaniel,zaynmcdaniel@jason.edu,Biology
1342,Collin Moran,collinmoran@jason.edu,Chemistry
1343,Jaylen Parks,jaylenparks@jason.edu,Computer Science
1344,Dakota Steele,dakotasteele@jason.edu,DWA
1345,Prince Vaughn,princevaughn@jason.edu,Economics
1346,Johnny Becker,johnnybecker@jason.edu,Math
1347,Kayson Holt,kaysonholt@jason.edu,Music
1348,Cruz Deleon,cruzdeleon@jason.edu,Philosophy
1349,Hendrix Barker,hendrixbarker@jason.edu,Physics
1350,Atticus Terry,atticusterry@jason.edu,Politics
1351,Troy Hale,troyhale@jason.edu,Biology
1352,Kane Leon,kaneleon@jason.edu,Chemistry
1353,Edgar Hail,edgarhail@jason.edu,Computer Science
1354,Sergio Benson,sergiobenson@jason.edu,DWA
1355,Kash Haynes,kashhaynes@jason.edu,Economics
1356,Marshall Horton,marshallhorton@jason.edu,Math
1357,Johnathan Miles,johnathanmiles@jason.edu,Music
1358,Romeo Lyons,romeolyons@jason.edu,Philosophy
1359,Shane Pham,shanepham@jason.edu,Physics
1360,Warren Graves,warrengraves@jason.edu,Politics
1361,Joaquin Bush,joaquinbush@jason.edu,Biology
1362,Wade Thornton,wadethornton@jason.edu,Chemistry
1363,Leonel Wolfe,leonelwolfe@jason.edu,Computer Science
1364,Trevor Warner,trevorwarner@jason.edu,DWA
1365,Dominick Cabrera,dominickcabrera@jason.edu,Economics
1366,Muhammad Mckinney,muhammadmckinney@jason.edu,Math
1367,Erik Mann,erikmann@jason.edu,Music
1368,Odin Zimmerman,odinzimmerman@jason.edu,Philosophy
1369,Quinn Dawson,quinndawson@jason.edu,Physics
1370,Jaxton Lara,jaxtonlara@jason.edu,Politics
1371,Dalton Fletcher,daltonfletcher@jason.edu,Biology
1372,Nehemiah Page,nehemiahpage@jason.edu,Chemistry
1373,Frank Mccarthy,frankmccarthy@jason.edu,Computer Science
1374,Grady Love,gradylove@jason.edu,DWA
1375,Gregory Robles,gregoryrobles@jason.edu,Economics
1376,Andy Cervantes,andycervantes@jason.edu,Math
1377,Solomon Solis,solomonsolis@jason.edu,Music
1378,Malik Erickson,malikerickson@jason.edu,Philosophy
1379,Rory Reeves,roryreeves@jason.edu,Physics
1380,Clark Chang,clarkchang@jason.edu,Politics
1381,Reed Klein,reedklein@jason.edu,Biology
1382,Harvey Salinas,harveysalinas@jason.edu,Chemistry
1383,Zayne Fuentes,zaynefuentes@jason.edu,Computer Science
1384,Jay Baldwin,jaybaldwin@jason.edu,DWA
1385,Jared Daniel,jareddaniel@jason.edu,Economics
1386,Noel Simon,noelsimon@jason.edu,Math
1387,Shawn Velasquez,shawnvelasquez@jason.edu,Music
1388,Fabian Hardy,fabianhardy@jason.edu,Philosophy
1389,Ibrahim Higgins,ibrahimhiggins@jason.edu,Physics
1390,Adonis Aguirre,adonisaguirre@jason.edu,Politics
1391,Ismael Lin,ismaellin@jason.edu,Biology
1392,Pedro Cummings,pedrocummings@jason.edu,Chemistry
1393,Leland Chandler,lelandchandler@jason.edu,Computer Science
1394,Malakai Sharp,malakaisharp@jason.edu,DWA
1395,Malcolm Barber,malcolmbarber@jason.edu,Economics
1396,Alexis Bowen,alexisbowen@jason.edu,Math
1397,Kason Ochoa,kasonochoa@jason.edu,Music
1398,Porter Dennis,porterdennis@jason.edu,Philosophy
1399,Sullivan Robbins,sullivanrobbins@jason.edu,Physics
1400,Raiden Liu,raidenliu@jason.edu,Politics
1401,Allen Ramsey,allenramsey@jason.edu,Biology
1402,Ari Francis,arifrancis@jason.edu,Chemistry
1403,Russell Griffith,russellgriffith@jason.edu,Computer Science
1404,Princeton Paul,princetonpaul@jason.edu,DWA
1405,Winston Blair,winstonblair@jason.edu,Economics
1406,Kendrick Oconnor,kendrickoconnor@jason.edu,Math
1407,Roberto Cardenas,robertocardenas@jason.edu,Music
1408,Lennox Pacheco,lennoxpacheco@jason.edu,Philosophy
1409,Hayes Cross,hayescross@jason.edu,Physics
1410,Finnegan Calderon,finnegancalderon@jason.edu,Politics
1411,Nasir Quinn,nasirquinn@jason.edu,Biology
1412,Kade Moss,kademoss@jason.edu,Chemistry
1413,Nico Swanson,nicoswanson@jason.edu,Computer Science
1414,Emanuel Chan,emanuelchan@jason.edu,DWA
1415,Landen Rivas,landenrivas@jason.edu,Economics
1416,Moises Khan,moiseskhan@jason.edu,Math
1417,Ruben Rodgers,rubenrodgers@jason.edu,Music
1418,Hugo Serrano,hugoserrano@jason.edu,Philosophy
1419,Abram Fitzgerald,abramfitzgerald@jason.edu,Physics
1420,Adan Rosales,adanrosales@jason.edu,Politics
1421,Khalil Stevenson,khalilstevenson@jason.edu,Biology
1422,Zaiden Christensen,zaidenchristensen@jason.edu,Chemistry
1423,Augustus Manning,augustusmanning@jason.edu,Computer Science
1424,Marcos Gill,marcosgill@jason.edu,DWA
1425,Philip Curry,philipcurry@jason.edu,Economics
1426,Phillip Mclaughlin,phillipmclaughlin@jason.edu,Math
1427,Cyrus Harmon,cyrusharmon@jason.edu,Music
1428,Esteban Mcgee,estebanmcgee@jason.edu,Philosophy
1429,Braylen Gross,braylengross@jason.edu,Physics
1430,Albert Doyle,albertdoyle@jason.edu,Politics
1431,Bruce Garner,brucegarner@jason.edu,Biology
1432,Kamden Newton,kamdennewton@jason.edu,Chemistry
1433,Lawson Burgess,lawsonburgess@jason.edu,Computer Science
1434,Jamison Reese,jamisonreese@jason.edu,DWA
1435,Sterling Walton,sterlingwalton@jason.edu,Economics
1436,Damon Blake,damonblake@jason.edu,Math
1437,Gunnar Trujillo,gunnartrujillo@jason.edu,Music
1438,Kyson Adkins,kysonadkins@jason.edu,Philosophy
1439,Luka Brady,lukabrady@jason.edu,Physics
1440,Franklin Goodman,franklingoodman@jason.edu,Politics
1441,Ezequiel Roman,ezequielroman@jason.edu,Biology
1442,Pablo Webster,pablowebster@jason.edu,Chemistry
1443,Derrick Goodwin,derrickgoodwin@jason.edu,Computer Science
1444,Zachariah Fischer,zachariahfischer@jason.edu,DWA
1445,Cade Huang,cadehuang@jason.edu,Economics
1446,Jonas Potter,jonaspotter@jason.edu,Math
1447,Dexter Delacruz,dexterdelacruz@jason.edu,Music
1448,Kolton Montoya,koltonmontoya@jason.edu,Philosophy
1449,Remy Todd,remytodd@jason.edu,Physics
1450,Hank Wu,hankwu@jason.edu,Politics
1451,Tate Hines,tatehines@jason.edu,Biology
1452,Trenton Mullins,trentonmullins@jason.edu,Chemistry
1453,Kian Castaneda,kiancastaneda@jason.edu,Computer Science
1454,Drew Malone,drewmalone@jason.edu,DWA
1455,Mohamed Cannon,mohamedcannon@jason.edu,Economics
1456,Dax Tate,daxtate@jason.edu,Math
1457,Rocco Mack,roccomack@jason.edu,Music
1458,Bowen Sherman,bowensherman@jason.edu,Philosophy
1459,Mathias Hubbard,mathiashubbard@jason.edu,Physics
1460,Ronald Hodges,ronaldhodges@jason.edu,Politics
1461,Francis Zhang,franciszhang@jason.edu,Biology
1462,Matthias Guerra,matthiasguerra@jason.edu,Chemistry
1463,Milan Wolf,milanwolf@jason.edu,Computer Science
1464,Maximilian Valencia,maximilianvalencia@jason.edu,DWA
1465,Royce Franco,roycefranco@jason.edu,Economics
1466,Skyler Saunders,skylersaunders@jason.edu,Math
1467,Corey Rowe,coreyrowe@jason.edu,Music
1468,Kasen Gallagher,kasengallagher@jason.edu,Philosophy
1469,Drake Farmer,drakefarmer@jason.edu,Physics
1470,Gerardo Hammond,gerardohammond@jason.edu,Politics
1471,Jayson Hampton,jaysonhampton@jason.edu,Biology
1472,Sage Townsend,sagetownsend@jason.edu,Chemistry
1473,Braylon Ingram,brayloningram@jason.edu,Computer Science
1474,Benson Wise,bensonwise@jason.edu,DWA
1475,Moses Gallegos,mosesgallegos@jason.edu,Economics
1476,Alijah Clarke,alijahclarke@jason.edu,Math
1477,Rhys Barton,rhysbarton@jason.edu,Music
1478,Otto Schroeder,ottoschroeder@jason.edu,Philosophy
1479,Oakley Maxwell,oakleymaxwell@jason.edu,Physics
1480,Armando Waters,armandowaters@jason.edu,Politics
1481,Jaime Logan,jaimelogan@jason.edu,Biology
1482,Nixon Camacho,nixoncamacho@jason.edu,Chemistry
1483,Saul Strickland,saulstrickland@jason.edu,Computer Science
1484,Scott Norman,scottnorman@jason.edu,DWA
1485,Brycen Person,brycenperson@jason.edu,Economics
1486,Ariel Colon,arielcolon@jason.edu,Math
1487,Enrique Parsons,enriqueparsons@jason.edu,Music
1488,Donald Frank,donaldfrank@jason.edu,Philosophy
1489,Chandler Harrington,chandlerharrington@jason.edu,Physics
1490,Asa Glover,asaglover@jason.edu,Politics
1491,Eden Osborne,edenosborne@jason.edu,Biology
1492,Davis Buchanan,davisbuchanan@jason.edu,Chemistry
1493,Keith Casey,keithcasey@jason.edu,Computer Science
1494,Frederick Floyd,frederickfloyd@jason.edu,DWA
1495,Rowen Patton,rowenpatton@jason.edu,Economics
1496,Lawrence Ibarra,lawrenceibarra@jason.edu,Math
1497,Leonidas Ball,leonidasball@jason.edu,Music
1498,Aden Tyler,adentyler@jason.edu,Philosophy
1499,Julio Suarez,juliosuarez@jason.edu,Physics
1500,Darius Bowers,dariusbowers@jason.edu,Politics